PRODUCT_CODE,DESCRIPTION,PRICE
1,Withers peanuts,7.39
2,Tuffy cholesterol-free shallot,2.82
3,Harrelson dinner rolls,1.62
4,Pack organic multigrain sandwich bread,0.58
5,Jennings' free range grits,4.63
6,Avent Ferry toothpaste,10.38
7,1812 free range syrup,13.18
8,Wolves Den kiwi,13.76
9,Witherspoon lactose-free eggs,8.9
10,Withers squash,3.55
11,Campus Corner no sugar added eggs,0.82
12,Hillsborough gluten-free tomato,0.29
13,Tuffy free range cupcake liners,1.36
14,Howling Wolf cage free buttercream frosting,11.63
15,Poe's beef jerky,1.84
16,1812 honey bbq sauce,4.09
17,Heckman's no sugar added cheery-o cereal,10.52
18,King's gluten-free canned creamed corn,11.06
19,Belltower corn chips,3.24
20,Centennial ground pork,10.21
21,Fairgrounds fat-free vanilla frosting,5.17
22,Wolfpack extra sharp cheddar cheese,1.87
23,DH Hill raw large shrimp,4.09
24,Harrelson kosher pickle spears,14.72
25,Howler soy sauce,4.44
26,1812 birthday cake ice cream,12.44
27,Pack Pup diced tomatoes,11.55
28,Campus Corner white sandwich bread,12.27
29,Brown's raw jumbo shrimp,3.36
30,Witherspoon yellow cake mix,10.4
31,Main Campus chocolate pudding,11.24
32,Mr. Wuf's greek yogurt,2.19
33,Leader of the Pack pumpkin pie spice,14.09
34,Gorman low cholesterol orange,4.13
35,Western Blvd grain-free saltine crackers,8.2
36,Gorman low-sodium ground thyme,5.33
37,Withers spicy brown mustard,9.19
38,Farmer's cholesterol-free ground nutmeg,3.74
39,Engineering apple jelly,5.53
40,Talley bacon,12.07
41,Heil's raw large shrimp,7.4
42,Centennial smoked turkey leg,0.79
43,Reynold's sharp cheddar cheese,5.73
44,Leader of the Pack lactose-free canned green beans,1.72
45,Wolf Leader yellow cake mix,10.57
46,Heil's ground cloves,4.3
47,Daniels lactose-free ibuprofen,2.39
48,Oval Drive macaroni and cheese,11.28
49,Main Campus ground allspice,14.43
50,Wolves Den low-sodium toothpaste,9.49
51,Dan Allen no sugar added beef jerky,13.2
52,Schmidt's smoked turkey wing,13.59
53,Pack Pup low cholesterol chicken thigh,10.34
54,Daniels lime,5.76
55,Hillsborough lactose-free chocolate cream cookies,7.44
56,Reynold's deli ham,2.2
57,Vet School diced tomatoes,10.3
58,Dan Allen cheese crackers,14.05
59,Mr. Wuf's free range lettuce,2.67
60,Balik's liquid bleach,8.7
61,Withers organic cocktail sauce,0.76
62,Mr. Wuf's low-sodium liquid bleach,13.11
63,Hunt non GMO sour cream,1.61
64,Daniels free range brown rice,8.11
65,Wolves Den low cholesterol marinara sauce,5.64
66,Campus Corner white chocolate pudding,5.79
67,Hunt scallion,12.19
68,Hillsborough fruity cereal,5.03
69,1812 shredded carrots,7.86
70,Balik's rye bread,12.69
71,Lake Raleigh all-natural diced tomatoes,4.35
72,1812 ground chicken,13.94
73,North Shore gluten-free paper plates,14.68
74,Wolves Den organic chocolate frosting,14.45
75,Sturgill's toothpaste,12.85
76,Pullen Park cholesterol-free whole turkey,12.8
77,Pullen Park diet cola,3.74
78,Pack tomato paste,11.04
79,Oval Drive iced oatmeal cookies,11.15
80,Poe's no MSG added pumpkin pie spice,5.39
81,Tuffy toothbrush,5.79
82,Western Blvd cage free yellow onion,7.16
83,Main Campus free range watermelon,12.77
84,Jennings' gluten-free hazelnut spread,7.97
85,Vet School mild salsa,14.58
86,Western Blvd mild salsa,5.44
87,Oval Drive chocolate cake mix,10.21
88,Howling Wolf all-natural squash,0.46
89,Hunt non GMO tomato and basil sauce,0.26
90,State lactose-free pork tenderloin,5.85
91,Dan Allen low-sodium spicy taco sauce,2.27
92,Mr. Wuf's shredded carrots,3.99
93,Wolfpack low cholesterol chicken tenderloins,5.38
94,Gorman horseradish,6.83
95,Mr. Wuf's canned peas and carrots,8.9
96,North Shore fat-free orange marmalade,5.43
97,Vet School organic ham hock,1.78
98,Jennings' heavy cream,12.25
99,Wolves Den worcestershire sauce,13.58
100,Avent Ferry low-sodium ground mustard,9.85
101,Brown's all-natural ground basil,7.9
102,King's no MSG added orange,0.67
103,Avent Ferry free range chocolate cake mix,2.37
104,Poe's grain-free sunflower seed butter,9.34
105,Schmidt's non GMO sunflower seed butter,6.09
106,Heil's cottage cheese,9.67
107,Leader of the Pack low cholesterol vanilla wafers,0.69
108,Centennial fat-free worcestershire sauce,9.3
109,Wolfpack white rice,8.76
110,Jennings' okra,13.1
111,Brown's low cholesterol applesauce,12.93
112,Pack raw salad shrimp,5.41
113,Vet School cage free cottage cheese,3.18
114,Ms. Wuf's low-sodium beef jerky,10.12
115,Thompkins fat-free mayonnaise,10.0
116,Sturgill's non GMO deli turkey,12.38
117,Balik's lactose-free cookie dough,8.44
118,Talley hand soap,0.97
119,Gorman orange frosting,12.66
120,Engineering lactose-free chicken tenderloins,8.04
121,Wolves Den no MSG added toothbrush,13.06
122,Belltower low cholesterol shredded wheat cereal,12.03
123,Wolf Leader yogurt,12.64
124,Wolfpack free range white rice,4.39
125,Howler orange cake mix,6.07
126,Red and White all-natural tonic water,12.09
127,Vet School cinnamon toast cereal,7.9
128,Sturgill's non GMO coconut milk,3.17
129,DH Hill cholesterol-free enchilada sauce,2.08
130,Heckman's no sugar added mayonnaise,13.96
131,Campus Corner cage free white rice,0.99
132,Main Campus fat-free pumpkin pie spice,10.91
133,Reynold's red potato,10.64
134,Withers fat-free oatmeal cookies,11.04
135,Pullen Park fat-free turkey legs,7.47
136,Reynold's farfalle,4.66
137,Leader of the Pack canned lima beans,14.33
138,Belltower cola,3.17
139,Main Campus cholesterol-free cheese popcorn,7.56
140,Red and White low cholesterol vodka sauce,12.79
141,Poe's vanilla ice cream,14.67
142,1812 free range toothbrush,8.4
143,Lake Raleigh instant mashed russet potatoes,13.75
144,Balik's all-natural spicy salsa,12.96
145,Belltower deli roast beef,11.51
146,Oval Drive extra sharp cheddar cheese,5.43
147,DH Hill lactose-free lemon,5.52
148,Jennings' lactose-free cupcake liners,8.21
149,Ms. Wuf's carrot sticks,2.63
150,Wolfpack all-natural smoked ham hock,3.78
151,North Shore lactose-free whole nutmeg,2.95
152,Hillsborough fat-free paper plates,8.91
153,North Shore lactose-free ranch dressing,2.3
154,Campus Corner tilapia fillet,10.52
155,Dan Allen free range mustard,5.67
156,Howling Wolf smoked ham hock,9.74
157,Hillsborough lactose-free ground mustard,14.7
158,Red and White canned peas and carrots,7.02
159,Engineering low cholesterol cocktail sauce,3.08
160,Centennial chocolate chip cookies,1.11
161,Wolf Leader spicy taco sauce,7.97
162,Poe's fresh vanilla wafers,2.89
163,Harrelson no sugar added lemonade,0.3
164,Witherspoon no sugar added smoked turkey wing,6.43
165,Reynold's sweet potato,6.34
166,Wolf Leader smoked sausage,9.13
167,Witherspoon spaghetti noodles,14.03
168,Heil's fat-free macaroni and cheese with broccoli,2.56
169,DH Hill aspirin,4.58
170,Wolves Den lactose-free cottage cheese,3.1
171,Main Campus vanilla ice cream,5.42
172,Schmidt's pretzel sticks,4.76
173,Mr. Wuf's onion powder,11.11
174,Talley instant mashed russet potatoes,3.87
175,Tuffy shredded wheat cereal,1.26
176,Balik's half and half,5.82
177,Wolf Leader grain-free sweet pickle cubes,9.29
178,Wolf Leader cage free yellow cake mix,2.8
179,Vet School butter crackers,4.73
180,Tuffy ground allspice,7.36
181,Balik's dried navy beans,9.44
182,Gorman fresh unsalted butter,10.55
183,Belltower grain-free orange cake mix,2.39
184,Leader of the Pack organic white bread,11.67
185,Dan Allen red potato,9.34
186,Vet School ground rosemary,9.03
187,Belltower basmati rice,11.53
188,Wolf Leader cage free cheese crackers,1.5
189,Avent Ferry all-natural smoked ham hock,7.92
190,Leader of the Pack lactose-free tomato puree,8.88
191,Leader of the Pack fat-free breadsticks,5.83
192,Belltower low cholesterol shampoo,11.0
193,DH Hill all-natural pork tenderloin,12.78
194,Stinson low cholesterol seltzer water,10.69
195,Withers peach jam,4.47
196,State beef jerky,8.32
197,Avent Ferry no MSG added brown rice,3.49
198,Harrelson low-sodium cooked large shrimp,11.56
199,Engineering sweet potato,10.88
200,Vet School instant mashed red potatoes,5.0
201,Pack mustard,4.65
202,Witherspoon grain-free cookie cereal,8.45
203,Ms. Wuf's pizza dough,4.55
204,Pack Pup no MSG added canned chickpeas,9.85
205,Hillsborough gluten-free canned garden peas,7.48
206,Tuffy peach jam,6.25
207,Harrelson cookie cereal,12.82
208,Witherspoon black pepper,11.25
209,Gorman vanilla pudding,10.5
210,Engineering tomato sauce,9.64
211,Howling Wolf chocolate chip cookies,4.41
212,Avent Ferry grain-free yogurt,14.03
213,Harrelson fresh sour cream and cheddar chips,0.81
214,Withers ibuprofen,1.83
215,Gorman canteloupe,12.09
216,Hunt peach jam,8.97
217,Howler fat-free cilantro,3.34
218,Lake Raleigh grain-free brown rice,13.88
219,Pack Pup red potato,8.46
220,Reynold's grits,5.35
221,Brown's orange soda,6.76
222,Wolfpack gluten-free cupcake liners,9.54
223,Leader of the Pack whole cloves,4.43
224,Pullen Park canned potatoes,4.83
225,Leader of the Pack sharp cheddar cheese,4.76
226,Reynold's honey mustard,1.38
227,Ms. Wuf's all-natural ground allspice,11.41
228,Lake Raleigh grain-free canned chickpeas,10.59
229,Engineering grain-free whole nutmeg,3.36
230,Pullen Park cholesterol-free smoky bbq sauce,8.85
231,Withers cage free english muffins,6.39
232,Western Blvd aspirin,10.2
233,King's dinner rolls,13.13
234,Schmidt's fat-free unsalted butter,2.61
235,Daniels fat-free canned chickpeas,3.94
236,Ms. Wuf's grain-free ground pork,0.67
237,Pack Pup all-natural spicy salsa,13.16
238,Dan Allen fat-free aspirin,1.49
239,Balik's cholesterol-free basmati rice,10.06
240,State birthday cake ice cream,3.87
241,Wolf Leader cage free ibuprofen,14.15
242,Balik's fat-free canned chickpeas,13.46
243,Centennial jalapeno pepper,11.84
244,Harrelson non GMO vanilla frosting,14.9
245,Main Campus whole chicken,9.11
246,Lake Raleigh multigrain sandwich bread,0.13
247,Witherspoon tonic water,8.8
248,State cholesterol-free ground thyme,2.68
249,Howling Wolf organic vanilla pudding,13.68
250,Wolves Den paper utensils,10.64
251,Oval Drive white sandwich bread,1.24
252,King's orange soda,14.35
253,Gorman fresh shredded carrots,1.64
254,Howling Wolf eggs,4.14
255,Balik's grain-free cookie cereal,0.21
256,Wolfpack ground allspice,9.12
